TYPE,R,H,K,D,E,S,T,N,Q,C,G,P,A,V,I,L,M,F,Y,W
N,1,1,1,1,1,1,1,1,1,1,1,1,1,1,1,1,1,1,1,1
CA,3,3,3,3,3,3,3,3,3,3,13,13,3,3,3,3,3,3,3,3
C,2,2,2,2,2,2,2,2,2,2,2,2,2,2,2,2,2,2,2,2
O,4,4,4,4,4,4,4,4,4,4,4,4,4,4,4,4,4,4,4,4
CB,7,7,7,7,7,7,6,7,7,7,0,14,8,7,6,7,7,7,7,7
CG,7,28,7,5,7,0,0,5,7,0,0,14,0,0,0,6,7,21,23,29
CG1,0,0,0,0,0,0,0,0,0,0,0,0,0,8,7,0,0,0,0,0
CG2,0,0,0,0,0,0,8,0,0,0,0,0,0,8,8,0,0,0,0,0
CD,7,0,7,0,5,0,0,0,5,0,0,14,0,0,0,0,0,0,0,0
CD1,0,0,0,0,0,0,0,0,0,0,0,0,0,0,8,8,0,9,9,9
CD2,0,27,0,0,0,0,0,0,0,0,0,0,0,0,0,8,0,9,9,24
CE,0,0,7,0,0,0,0,0,0,0,0,0,0,0,0,0,8,0,0,0
CE1,0,25,0,0,0,0,0,0,0,0,0,0,0,0,0,0,0,9,9,0
CE2,0,0,0,0,0,0,0,0,0,0,0,0,0,0,0,0,0,9,9,24
CE3,0,0,0,0,0,0,0,0,0,0,0,0,0,0,0,0,0,0,0,9
CH2,0,0,0,0,0,0,0,0,0,0,0,0,0,0,0,0,0,0,0,18
CZ,5,0,0,0,0,0,0,0,0,0,0,0,0,0,0,0,0,9,19,0
CZ2,0,0,0,0,0,0,0,0,0,0,0,0,0,0,0,0,0,0,0,18
CZ3,0,0,0,0,0,0,0,0,0,0,0,0,0,0,0,0,0,0,0,9
NE,15,0,0,0,0,0,0,0,0,0,0,0,0,0,0,0,0,0,0,0
NE1,0,0,0,0,0,0,0,0,0,0,0,0,0,0,0,0,0,0,0,15
ND1,0,15,0,0,0,0,0,0,0,0,0,0,0,0,0,0,0,0,0,0
ND2,0,0,0,0,0,0,0,17,0,0,0,0,0,0,0,0,0,0,0,0
NE2,0,15,0,0,0,0,0,0,17,0,0,0,0,0,0,0,0,0,0,0
NZ,0,0,26,0,0,0,0,0,0,0,0,0,0,0,0,0,0,0,0,0
NH1,16,0,0,0,0,0,0,0,0,0,0,0,0,0,0,0,0,0,0,0
NH2,16,0,0,0,0,0,0,0,0,0,0,0,0,0,0,0,0,0,0,0
SD,0,0,0,0,0,0,0,0,0,0,0,0,0,0,0,0,22,0,0,0
SG,0,0,0,0,0,0,0,0,0,20,0,0,0,0,0,0,0,0,0,0
OH,0,0,0,0,0,0,0,0,0,0,0,0,0,0,0,0,0,0,10,0
OG,0,0,0,0,0,10,0,0,0,0,0,0,0,0,0,0,0,0,0,0
OG1,0,0,0,0,0,0,10,0,0,0,0,0,0,0,0,0,0,0,0,0
OD1,0,0,0,11,0,0,0,12,0,0,0,0,0,0,0,0,0,0,0,0
OD2,0,0,0,11,0,0,0,0,0,0,0,0,0,0,0,0,0,0,0,0
OE1,0,0,0,0,11,0,0,0,12,0,0,0,0,0,0,0,0,0,0,0
OE2,0,0,0,0,11,0,0,0,0,0,0,0,0,0,0,0,0,0,0,0
H,32,32,32,32,32,32,32,32,32,32,32,0,32,32,32,32,32,32,32,32
HA,33,33,33,33,33,33,33,33,33,33,0,33,33,33,33,33,33,33,33,33
HB,0,0,0,0,0,0,34,0,0,0,0,0,0,34,34,0,0,0,0,0
HD1,0,41,0,0,0,0,0,0,0,0,0,0,0,0,0,0,0,37,37,37
HD2,0,48,0,0,0,0,0,0,0,0,0,0,0,0,0,0,0,37,37,0
HE,41,0,0,0,0,0,0,0,0,0,0,0,0,0,0,0,0,0,0,0
HE1,0,46,0,0,0,0,0,0,0,0,0,0,0,0,0,0,0,37,37,41
HE2,0,41,0,0,0,0,0,0,0,0,0,0,0,0,0,0,0,37,37,0
HE3,0,0,0,0,0,0,0,0,0,0,0,0,0,0,0,0,0,0,0,37
HG,0,0,0,0,0,38,38,0,0,45,0,0,0,0,0,34,0,0,0,0
HG1,0,0,0,0,0,0,0,0,0,0,0,0,0,0,0,0,0,0,0,0
HH,0,0,0,0,0,0,0,0,0,0,0,0,0,0,0,0,0,0,38,0
HH2,0,0,0,0,0,0,0,0,0,0,0,0,0,0,0,0,0,0,0,44
HZ,0,0,0,0,0,0,0,0,0,0,0,0,0,0,0,0,0,37,0,0
HZ2,0,0,0,0,0,0,0,0,0,0,0,0,0,0,0,0,0,0,0,44
HZ3,0,0,0,0,0,0,0,0,0,0,0,0,0,0,0,0,0,0,0,37
1H,0,0,0,0,0,0,0,0,0,0,0,0,0,0,0,0,36,0,0,0
2H,0,0,0,0,0,0,0,0,0,0,0,0,0,0,0,0,36,0,0,0
3H,0,0,0,0,0,0,0,0,0,0,0,0,0,0,0,0,36,0,0,0
1HA,0,0,0,0,0,0,0,0,0,0,39,0,0,0,0,0,0,0,0,0
2HA,0,0,0,0,0,0,0,0,0,0,39,0,0,0,0,0,0,0,0,0
1HB,35,35,35,35,35,35,0,35,35,35,0,35,36,0,0,35,35,35,35,35
2HB,35,35,35,35,35,35,0,35,35,35,0,35,36,0,0,35,35,35,35,35
3HB,0,0,0,0,0,0,0,0,0,0,0,0,36,0,0,0,0,0,0,0
1HD,35,0,35,0,0,0,0,0,0,0,0,35,0,0,0,0,0,0,0,0
2HD,35,0,35,0,0,0,0,0,0,0,0,35,0,0,0,0,0,0,0,0
1HD1,0,0,0,0,0,0,0,0,0,0,0,0,0,0,36,36,0,0,0,0
2HD1,0,0,0,0,0,0,0,0,0,0,0,0,0,0,36,36,0,0,0,0
3HD1,0,0,0,0,0,0,0,0,0,0,0,0,0,0,36,36,0,0,0,0
1HD2,0,0,0,0,0,0,0,43,0,0,0,0,0,0,0,36,0,0,0,0
2HD2,0,0,0,0,0,0,0,43,0,0,0,0,0,0,0,36,0,0,0,0
3HD2,0,0,0,0,0,0,0,0,0,0,0,0,0,0,0,36,0,0,0,0
1HE,0,0,35,0,0,0,0,0,0,0,0,0,0,0,0,0,36,0,0,0
2HE,0,0,35,0,0,0,0,0,0,0,0,0,0,0,0,0,36,0,0,0
3HE,0,0,0,0,0,0,0,0,0,0,0,0,0,0,0,0,36,0,0,0
1HE2,0,0,0,0,0,0,0,0,43,0,0,0,0,0,0,0,0,0,0,0
2HE2,0,0,0,0,0,0,0,0,43,0,0,0,0,0,0,0,0,0,0,0
1HG,35,0,35,0,35,0,0,0,35,0,0,35,0,0,0,0,35,0,0,0
2HG,35,0,35,0,35,0,0,0,35,0,0,35,0,0,0,0,35,0,0,0
1HG1,0,0,0,0,0,0,0,0,0,0,0,0,0,36,35,0,0,0,0,0
2HG1,0,0,0,0,0,0,0,0,0,0,0,0,0,36,35,0,0,0,0,0
3HG1,0,0,0,0,0,0,0,0,0,0,0,0,0,36,0,0,0,0,0,0
1HG2,0,0,0,0,0,0,36,0,0,0,0,0,0,36,36,0,0,0,0,0
2HG2,0,0,0,0,0,0,36,0,0,0,0,0,0,36,36,0,0,0,0,0
3HG2,0,0,0,0,0,0,36,0,0,0,0,0,0,36,36,0,0,0,0,0
1HH1,42,0,0,0,0,0,0,0,0,0,0,0,0,0,0,0,0,0,0,0
2HH1,42,0,0,0,0,0,0,0,0,0,0,0,0,0,0,0,0,0,0,0
1HH2,42,0,0,0,0,0,0,0,0,0,0,0,0,0,0,0,0,0,0,0
2HH2,42,0,0,0,0,0,0,0,0,0,0,0,0,0,0,0,0,0,0,0
1HZ,0,0,47,0,0,0,0,0,0,0,0,0,0,0,0,0,0,0,0,0
2HZ,0,0,47,0,0,0,0,0,0,0,0,0,0,0,0,0,0,0,0,0
3HZ,0,0,47,0,0,0,0,0,0,0,0,0,0,0,0,0,0,0,0,0
OXT,4,4,4,4,4,4,4,4,4,4,4,4,4,4,4,4,4,4,4,4
